Workbook
Name Capacity: Inputs!$E$10
Name d_fr: Data!$B$2:$B$205
Name d_prov: Data!$E$2:$E$205
Name d_seg: Data!$C$2:$C$205
Name d_state: Data!$A$2:$A$205
Name d_work: Data!$H$2:$H$205
Name Franchise: Inputs!$C$4
Name s_adults: 'State facts'!$C$2:$C$103
Name s_fr: 'State facts'!$B$2:$B$103
Name s_patients: 'State facts'!$D$2:$D$103
Name s_state: 'State facts'!$A$2:$A$103
Name seg_calls: Inputs!$E$14:$E$17
Name seg_names: Inputs!$B$14:$B$17
Name seg_share: Inputs!$F$14:$F$17

Sheet Read me
B1: Field Force Sizing Model
B2: Part of Field Force Planner. Providers: CMS NPPES registry, October 2026 file. Patients: CDC PLACES prevalence x Census adults.
B4: What it answers
B5: How many reps does this call plan need, in total and state by state?
B6: Inputs
B7: Yellow cells: the franchise, each franchise's calls per rep per day and field days, and for each provider group the calls a year and the share a rep targets.
B8: Sizing
B9: Providers x share targeted x calls per provider = calls a year; calls / (calls per rep per year) = reps.
B10: States
B11: The same calculation for each state, with reps per 100,000 adults and each state's share of the total.
B12: What is an assumption
B13: Calls per rep, call frequency and share targeted are assumptions, written down so they can be changed. The provider counts are facts from the registry; the registry lists who and where, not what each provider prescribes.
... B19: github.com/f20230125-sudo/field-force-planner

Sheet Inputs
B1: Field Force Sizing Model: inputs
B2: Change the yellow cells. Every number on Sizing and States recalculates.
B4: Franchise | C4: diabetes | D4: diabetes: primary care and endocrinology. oncology: oncologists.
B7: Rep capacity | C7: Calls per rep per day | D7: Field days per year | E7: Calls per rep per year
B8: diabetes | C8: 8 | D8: 190 | E8: =C8*D8 -> 1520
B9: oncology | C9: 4 | D9: 190 | E9: =C9*D9 -> 760
B10: In use | C10: =INDEX(C8:C9,MATCH(Franchise,B8:B9,0)) -> 8 | D10: =INDEX(D8:D9,MATCH(Franchise,B8:B9,0)) -> 190 | E10: =C10*D10 -> 1520
B13: Segment | C13: Franchise | D13: Tier | E13: Calls per provider per year | F13: Share targeted
B14: Endocrinology | C14: diabetes | D14: specialist | E14: 24 | F14: 0.6
B15: Primary care physician | C15: diabetes | D15: generalist | E15: 12 | F15: 0.25
B16: Primary care NP or PA | C16: diabetes | D16: generalist | E16: 6 | F16: 0.25
B17: Oncology specialist | C17: oncology | D17: specialist | E17: 18 | F17: 0.6
B19: Share targeted is the share of that provider group a rep calls on (specialists: the top 60% by volume; generalists: the top quarter). Public data has no provider-level prescribing, so it is an assumption, not a ranking of individual doctors.

Sheet Sizing
B1: Sizing
B2: ="National result for the "&Franchise&" franchise." -> National result for the diabetes franchise.
B4: Reps needed | C4: =SUM(States!D6:D56) -> 1309.8132
B5: Calls needed a year | C5: =SUM(States!C6:C56) -> 1990916.1
B6: Providers targeted | C6: =SUM(E12:E15) -> 233313.65
B7: Providers in the registry (universe) | C7: =SUM(C12:C15) -> 919249
B8: Territories (reps, rounded) | C8: =ROUND(C4,0) -> 1310
B9: Calls per rep per year | C9: =Capacity -> 1520
B11: Segment | C11: Providers | D11: Share targeted | E11: Targeted | F11: Calls per provider | G11: Calls a year
B12: =Inputs!B14 -> Endocrinology | C12: =SUMIFS(d_prov,d_seg,$B12,d_fr,Franchise) -> 10004 | D12: =Inputs!F14 -> 0.6 | E12: =C12*D12 -> 6002.4 | F12: =Inputs!E14 -> 24 | G12: =E12*F12 -> 144057.6
B13: =Inputs!B15 -> Primary care physician | C13: =SUMIFS(d_prov,d_seg,$B13,d_fr,Franchise) -> 321994 | D13: =Inputs!F15 -> 0.25 | E13: =C13*D13 -> 80498.5 | F13: =Inputs!E15 -> 12 | G13: =E13*F13 -> 965982
B14: =Inputs!B16 -> Primary care NP or PA | C14: =SUMIFS(d_prov,d_seg,$B14,d_fr,Franchise) -> 587251 | D14: =Inputs!F16 -> 0.25 | E14: =C14*D14 -> 146812.75 | F14: =Inputs!E16 -> 6 | G14: =E14*F14 -> 880876.5
B15: =Inputs!B17 -> Oncology specialist | C15: =SUMIFS(d_prov,d_seg,$B15,d_fr,Franchise) -> 0 | D15: =Inputs!F17 -> 0.6 | E15: =C15*D15 -> 0 | F15: =Inputs!E17 -> 18 | G15: =E15*F15 -> 0
B16: Total | C16: =SUM(C12:C15) -> 919249 | E16: =SUM(E12:E15) -> 233313.65 | G16: =SUM(G12:G15) -> 1990916.1
B18: Segments that belong to the other franchise show zero providers.

Sheet States
A1: Reps by state
A2: ="Franchise: "&Franchise&". Reps = calls needed / "&TEXT(Capacity,"#,##0")&" calls per rep per year." -> Franchise: diabetes. Reps = calls needed / 1,520 calls per rep per year.
A5: State | B5: Name | C5: Calls a year | D5: Reps needed | E5: Adults | F5: Patients | G5: Reps per 100,000 adults | H5: Share of reps
A6: AK | B6: Alaska | C6: =SUMIFS(d_work,d_state,$A6,d_fr,Franchise) -> 5487 | D6: =C6/Capacity -> 3.6098684 | E6: =SUMIFS(s_adults,s_state,$A6,s_fr,Franchise) -> 553317 | F6: =SUMIFS(s_patients,s_state,$A6,s_fr,Franchise) -> 48855 | G6: =IF(E6>0,D6/E6*100000,"") -> 0.65240512 | H6: =D6/D$57 -> 0.0027560177
A7: AL | B7: Alabama | C7: =SUMIFS(d_work,d_state,$A7,d_fr,Franchise) -> 25010.1 | D7: =C7/Capacity -> 16.454013 | E7: =SUMIFS(s_adults,s_state,$A7,s_fr,Franchise) -> 3917625 | F7: =SUMIFS(s_patients,s_state,$A7,s_fr,Franchise) -> 543042 | G7: =IF(E7>0,D7/E7*100000,"") -> 0.4199997 | H7: =D7/D$57 -> 0.012562106
A8: AR | B8: Arkansas | C8: =SUMIFS(d_work,d_state,$A8,d_fr,Franchise) -> 15691.2 | D8: =C8/Capacity -> 10.323158 | E8: =SUMIFS(s_adults,s_state,$A8,s_fr,Franchise) -> 2322502 | F8: =SUMIFS(s_patients,s_state,$A8,s_fr,Franchise) -> 291944 | G8: =IF(E8>0,D8/E8*100000,"") -> 0.44448435 | H8: =D8/D$57 -> 0.0078813969
A9: AZ | B9: Arizona | C9: =SUMIFS(d_work,d_state,$A9,d_fr,Franchise) -> 41353.5 | D9: =C9/Capacity -> 27.20625 | E9: =SUMIFS(s_adults,s_state,$A9,s_fr,Franchise) -> 5662328 | F9: =SUMIFS(s_patients,s_state,$A9,s_fr,Franchise) -> 624417 | G9: =IF(E9>0,D9/E9*100000,"") -> 0.48047817 | H9: =D9/D$57 -> 0.020771091
A10: CA | B10: California | C10: =SUMIFS(d_work,d_state,$A10,d_fr,Franchise) -> 198578.1 | D10: =C10/Capacity -> 130.64349 | E10: =SUMIFS(s_adults,s_state,$A10,s_fr,Franchise) -> 30465205 | F10: =SUMIFS(s_patients,s_state,$A10,s_fr,Franchise) -> 3486385 | G10: =IF(E10>0,D10/E10*100000,"") -> 0.42882852 | H10: =D10/D$57 -> 0.099742074
A11: CO | B11: Colorado | C11: =SUMIFS(d_work,d_state,$A11,d_fr,Franchise) -> 36822.3 | D11: =C11/Capacity -> 24.225197 | E11: =SUMIFS(s_adults,s_state,$A11,s_fr,Franchise) -> 4568613 | F11: =SUMIFS(s_patients,s_state,$A11,s_fr,Franchise) -> 359156 | G11: =IF(E11>0,D11/E11*100000,"") -> 0.53025278 | H11: =D11/D$57 -> 0.018495154
A12: CT | B12: Connecticut | C12: =SUMIFS(d_work,d_state,$A12,d_fr,Franchise) -> 24147.9 | D12: =C12/Capacity -> 15.886776 | E12: =SUMIFS(s_adults,s_state,$A12,s_fr,Franchise) -> 2875887 | F12: =SUMIFS(s_patients,s_state,$A12,s_fr,Franchise) -> 293215 | G12: =IF(E12>0,D12/E12*100000,"") -> 0.55241309 | H12: =D12/D$57 -> 0.012129039
A13: DC | B13: District of Columbia | C13: =SUMIFS(d_work,d_state,$A13,d_fr,Franchise) -> 6651.3 | D13: =C13/Capacity -> 4.3758553 | E13: =SUMIFS(s_adults,s_state,$A13,s_fr,Franchise) -> 544215 | F13: =SUMIFS(s_patients,s_state,$A13,s_fr,Franchise) -> 42449 | G13: =IF(E13>0,D13/E13*100000,"") -> 0.80406737 | H13: =D13/D$57 -> 0.0033408239
A14: DE | B14: Delaware | C14: =SUMIFS(d_work,d_state,$A14,d_fr,Franchise) -> 6419.4 | D14: =C14/Capacity -> 4.2232895 | E14: =SUMIFS(s_adults,s_state,$A14,s_fr,Franchise) -> 795090 | F14: =SUMIFS(s_patients,s_state,$A14,s_fr,Franchise) -> 97012 | G14: =IF(E14>0,D14/E14*100000,"") -> 0.53117125 | H14: =D14/D$57 -> 0.0032243448
A15: FL | B15: Florida | C15: =SUMIFS(d_work,d_state,$A15,d_fr,Franchise) -> 153357.3 | D15: =C15/Capacity -> 100.89296 | E15: =SUMIFS(s_adults,s_state,$A15,s_fr,Franchise) -> 17491848 | F15: =SUMIFS(s_patients,s_state,$A15,s_fr,Franchise) -> 2333517 | G15: =IF(E15>0,D15/E15*100000,"") -> 0.57679989 | H15: =D15/D$57 -> 0.07702851
A16: GA | B16: Georgia | C16: =SUMIFS(d_work,d_state,$A16,d_fr,Franchise) -> 57722.4 | D16: =C16/Capacity -> 37.975263 | E16: =SUMIFS(s_adults,s_state,$A16,s_fr,Franchise) -> 8275264 | F16: =SUMIFS(s_patients,s_state,$A16,s_fr,Franchise) -> 1038213 | G16: =IF(E16>0,D16/E16*100000,"") -> 0.45890093 | H16: =D16/D$57 -> 0.028992884
A17: HI | B17: Hawaii | C17: =SUMIFS(d_work,d_state,$A17,d_fr,Franchise) -> 8528.4 | D17: =C17/Capacity -> 5.6107895 | E17: =SUMIFS(s_adults,s_state,$A17,s_fr,Franchise) -> 1137154 | F17: =SUMIFS(s_patients,s_state,$A17,s_fr,Franchise) -> 120470 | G17: =IF(E17>0,D17/E17*100000,"") -> 0.4934063 | H17: =D17/D$57 -> 0.0042836562
... A56: WY | B56: Wyoming | C56: =SUMIFS(d_work,d_state,$A56,d_fr,Franchise) -> 3097.2 | D56: =C56/Capacity -> 2.0376316 | E56: =SUMIFS(s_adults,s_state,$A56,s_fr,Franchise) -> 446379 | F56: =SUMIFS(s_patients,s_state,$A56,s_fr,Franchise) -> 43072 | G56: =IF(E56>0,D56/E56*100000,"") -> 0.45648016 | H56: =D56/D$57 -> 0.0015556658
B57: United States | C57: =SUM(C6:C56) -> 1990916.1 | D57: =SUM(D6:D56) -> 1309.8132 | E57: =SUM(E6:E56) -> 258327312 | F57: =SUM(F6:F56) -> 29671699 | G57: =D57/E57*100000 -> 0.50703629 | H57: =SUM(H6:H56) -> 1

Sheet Checks
B1: Checks
B4: Check | C4: Value | D4: Rule | E4: Result
B5: Franchise is one of the two on the Inputs sheet | C5: =Franchise -> diabetes | D5: diabetes or oncology | E5: =IF(OR(C5="diabetes",C5="oncology"),"OK","CHECK") -> OK
B6: Reps by state add up to reps from the segment table | C6: =ABS(Sizing!C4-Sizing!G16/Capacity) -> 6.8212103e-13 | D6: below 0.000001 | E6: =IF(C6<0.000001,"OK","CHECK") -> OK
B7: Every share targeted is between 0 and 100% | C7: =MIN(seg_share)&" to "&MAX(seg_share) -> 0.25 to 0.6 | D7: 0 to 1 | E7: =IF(AND(MIN(seg_share)>=0,MAX(seg_share)<=1),"OK","CHECK") -> OK
B8: Rep capacity is positive | C8: =Capacity -> 1520 | D8: above 0 | E8: =IF(Capacity>0,"OK","CHECK") -> OK
B9: Providers on the Data sheet match the registry count for this franchise | C9: =SUMIFS(d_prov,d_fr,Franchise) -> 919249 | D9: diabetes 919,249 / oncology 33,325 | E9: =IF(C9=IF(Franchise="diabetes",919249,33325),"OK","CHECK") -> OK
B10: All 51 states are listed once | C10: =COUNTA(States!A6:A56) -> 51 | D10: 51 | E10: =IF(C10=51,"OK","CHECK") -> OK
B12: Overall | E12: =IF(COUNTIF(E5:E10,"OK")=ROWS(E5:E10),"ALL OK","CHECK") -> ALL OK

Sheet Data
A1: State | B1: Franchise | C1: Segment | D1: Tier | E1: Providers | F1: Calls per provider per year | G1: Share targeted | H1: Workload (calls a year)
A2: AK | B2: diabetes | C2: Endocrinology | D2: specialist | E2: 10 | F2: =INDEX(seg_calls,MATCH($C2,seg_names,0)) -> 24 | G2: =INDEX(seg_share,MATCH($C2,seg_names,0)) -> 0.6 | H2: =$E2*$F2*$G2 -> 144
A3: AK | B3: diabetes | C3: Primary care NP or PA | D3: generalist | E3: 1676 | F3: =INDEX(seg_calls,MATCH($C3,seg_names,0)) -> 6 | G3: =INDEX(seg_share,MATCH($C3,seg_names,0)) -> 0.25 | H3: =$E3*$F3*$G3 -> 2514
A4: AK | B4: diabetes | C4: Primary care physician | D4: generalist | E4: 943 | F4: =INDEX(seg_calls,MATCH($C4,seg_names,0)) -> 12 | G4: =INDEX(seg_share,MATCH($C4,seg_names,0)) -> 0.25 | H4: =$E4*$F4*$G4 -> 2829
A5: AK | B5: oncology | C5: Oncology specialist | D5: specialist | E5: 45 | F5: =INDEX(seg_calls,MATCH($C5,seg_names,0)) -> 18 | G5: =INDEX(seg_share,MATCH($C5,seg_names,0)) -> 0.6 | H5: =$E5*$F5*$G5 -> 486
A6: AL | B6: diabetes | C6: Endocrinology | D6: specialist | E6: 89 | F6: =INDEX(seg_calls,MATCH($C6,seg_names,0)) -> 24 | G6: =INDEX(seg_share,MATCH($C6,seg_names,0)) -> 0.6 | H6: =$E6*$F6*$G6 -> 1281.6
A7: AL | B7: diabetes | C7: Primary care NP or PA | D7: generalist | E7: 7997 | F7: =INDEX(seg_calls,MATCH($C7,seg_names,0)) -> 6 | G7: =INDEX(seg_share,MATCH($C7,seg_names,0)) -> 0.25 | H7: =$E7*$F7*$G7 -> 11995.5
A8: AL | B8: diabetes | C8: Primary care physician | D8: generalist | E8: 3911 | F8: =INDEX(seg_calls,MATCH($C8,seg_names,0)) -> 12 | G8: =INDEX(seg_share,MATCH($C8,seg_names,0)) -> 0.25 | H8: =$E8*$F8*$G8 -> 11733
A9: AL | B9: oncology | C9: Oncology specialist | D9: specialist | E9: 396 | F9: =INDEX(seg_calls,MATCH($C9,seg_names,0)) -> 18 | G9: =INDEX(seg_share,MATCH($C9,seg_names,0)) -> 0.6 | H9: =$E9*$F9*$G9 -> 4276.8
A10: AR | B10: diabetes | C10: Endocrinology | D10: specialist | E10: 58 | F10: =INDEX(seg_calls,MATCH($C10,seg_names,0)) -> 24 | G10: =INDEX(seg_share,MATCH($C10,seg_names,0)) -> 0.6 | H10: =$E10*$F10*$G10 -> 835.2
A11: AR | B11: diabetes | C11: Primary care NP or PA | D11: generalist | E11: 4666 | F11: =INDEX(seg_calls,MATCH($C11,seg_names,0)) -> 6 | G11: =INDEX(seg_share,MATCH($C11,seg_names,0)) -> 0.25 | H11: =$E11*$F11*$G11 -> 6999
A12: AR | B12: diabetes | C12: Primary care physician | D12: generalist | E12: 2619 | F12: =INDEX(seg_calls,MATCH($C12,seg_names,0)) -> 12 | G12: =INDEX(seg_share,MATCH($C12,seg_names,0)) -> 0.25 | H12: =$E12*$F12*$G12 -> 7857
A13: AR | B13: oncology | C13: Oncology specialist | D13: specialist | E13: 215 | F13: =INDEX(seg_calls,MATCH($C13,seg_names,0)) -> 18 | G13: =INDEX(seg_share,MATCH($C13,seg_names,0)) -> 0.6 | H13: =$E13*$F13*$G13 -> 2322
... A205: WY | B205: oncology | C205: Oncology specialist | D205: specialist | E205: 24 | F205: =INDEX(seg_calls,MATCH($C205,seg_names,0)) -> 18 | G205: =INDEX(seg_share,MATCH($C205,seg_names,0)) -> 0.6 | H205: =$E205*$F205*$G205 -> 259.2

Sheet State facts
A1: State | B1: Franchise | C1: Adults | D1: Patients (adults x prevalence) | E1: Counties
A2: AK | B2: diabetes | C2: 553317 | D2: 48855 | E2: 30
A3: AK | B3: oncology | C3: 553317 | D3: 34331 | E3: 30
A4: AL | B4: diabetes | C4: 3917625 | D4: 543042 | E4: 67
A5: AL | B5: oncology | C5: 3917625 | D5: 285914 | E5: 67
A6: AR | B6: diabetes | C6: 2322502 | D6: 291944 | E6: 75
A7: AR | B7: oncology | C7: 2322502 | D7: 170191 | E7: 75
A8: AZ | B8: diabetes | C8: 5662328 | D8: 624417 | E8: 15
A9: AZ | B9: oncology | C9: 5662328 | D9: 414561 | E9: 15
A10: CA | B10: diabetes | C10: 30465205 | D10: 3486385 | E10: 58
A11: CA | B11: oncology | C11: 30465205 | D11: 1793815 | E11: 58
A12: CO | B12: diabetes | C12: 4568613 | D12: 359156 | E12: 64
A13: CO | B13: oncology | C13: 4568613 | D13: 296314 | E13: 64
... A103: WY | B103: oncology | C103: 446379 | D103: 33273 | E103: 23
